article,brand,source,confidence
90915-YZZD1,Toyota,toyota_90915_yzzd1,verified-web
150-2010,DENSO,toyota_90915_yzzd1,verified-web
3330,BOSCH,toyota_90915_yzzd1,verified-web
72161WS,BOSCH,toyota_90915_yzzd1,verified-web
M1102,EXXON/MOBIL,toyota_90915_yzzd1,verified-web
M1102A,EXXON/MOBIL,toyota_90915_yzzd1,verified-web
M1-102A,FRAM,toyota_90915_yzzd1,verified-web
M1-102,FRAM,toyota_90915_yzzd1,verified-web
XG3614,FRAM,toyota_90915_yzzd1,verified-web
DL3614,FRAM,toyota_90915_yzzd1,verified-web
PH3614,FRAM,toyota_90915_yzzd1,verified-web
TG3614,FRAM,toyota_90915_yzzd1,verified-web
H14W32,HENGST,toyota_90915_yzzd1,verified-web
PH2835,LUBER-FINER,toyota_90915_yzzd1,verified-web
OC 338,MAHLE,toyota_90915_yzzd1,verified-web
L10241,MANN-HUMMEL,toyota_90915_yzzd1,verified-web
W811/81,MANN-HUMMEL,toyota_90915_yzzd1,verified-web
W712/83,MANN-HUMMEL,toyota_90915_yzzd1,verified-web
51348,WIX,toyota_90915_yzzd1,verified-web
51348XP,WIX,toyota_90915_yzzd1,verified-web
90915YZZD1,Toyota,toyota_90915_yzzd1,verified-web
90915-03005,Toyota,toyota_90915_yzzd1,verified-web
90915-20001,Toyota,toyota_90915_yzzd1,verified-web
90915-20002,Toyota,toyota_90915_yzzd1,verified-web
90915-20003,Toyota,toyota_90915_yzzd1,verified-web
90915-20004,Toyota,toyota_90915_yzzd1,verified-web
90915-YZZB9,Toyota,toyota_90915_yzzd1,verified-web
90915-YZZD3,Toyota,toyota_90915_yzzd1,verified-web
90915-YZZG1,Toyota,toyota_90915_yzzd1,verified-web
15600-25010,Toyota,toyota_90915_yzzd1,verified-web
15601-44011,Toyota,toyota_90915_yzzd1,verified-web
BE8Z-6731-AB,Ford,toyota_90915_yzzd1,verified-web
1S7Z-6731-DA,Ford,toyota_90915_yzzd1,verified-web
4105409AB,Chrysler,toyota_90915_yzzd1,verified-web
4105409BB,Chrysler,toyota_90915_yzzd1,verified-web
C2Z21964,Jaguar,toyota_90915_yzzd1,verified-web
LR025306,Land Rover,toyota_90915_yzzd1,verified-web
7B0115561,VW Group,toyota_90915_yzzd1,verified-web
93186554,Saab,toyota_90915_yzzd1,verified-web
PH16,FRAM,toyota_90915_yzzd1,verified-web
PH3600,FRAM,toyota_90915_yzzd1,verified-web
L10017,Purolator,toyota_90915_yzzd1,verified-web
51335,WIX,toyota_90915_yzzd1,verified-web
51342,WIX,toyota_90915_yzzd1,verified-web
51391,WIX,toyota_90915_yzzd1,verified-web
51394,WIX,toyota_90915_yzzd1,verified-web
51516,WIX,toyota_90915_yzzd1,verified-web
